dataset,task,C,AUROC,Accuracy,Error,alpha,R2,1-R2
TCGA_InfoWithGrade,cls,1.0,0.9273006706408347,0.8714285714285714,0.12857142857142856,,,
winequality-red,reg,,,,,0.016681005372000592,0.3246325027130478,0.6753674972869522
winequality-white,reg,,,,,0.004641588833612782,0.2613051023348736,0.7386948976651264
diabetes,cls,100.0,0.8360895522388059,0.7578125,0.2421875,,,
spotify,reg,,,,,10.0,0.09602350824252626,0.9039764917574737
