k,cv_R2,test_R2,test_1-R2
3,0.08886111337984781,0.09602350835954054,0.9039764916404595
